品項,價格,商家
送專用順髮梳★Dyson Supersonic 吹風機 HD01 (桃紅) 順髮梳版,14600,東森購物
戴森吹風機支架免打孔衛生間dyson風筒架電吹風收納架浴室置物架 NMS陽光好物,1792,Yahoo超級商城
Dyson Supersonic 吹風機 HD01(紅色吹風機 限量金色禮盒),14600,udn買東西
國行Dyson戴森吹風機智慧溫控離子護髮電吹風HD01 HD03 Supersoni,10166,淘寶網
立式陳列收納架子 適用Dyson戴森吹風機支架 家用理發店金屬底座NMS 蘿莉小腳ㄚ,2646,Yahoo超級商城
專用旅行袋 適用Dyson戴森吹風機收納袋 便攜整理盒子袋子旅行包 蘿莉小腳ㄚ,826,Yahoo超級商城
立式陳列收納架子 適用Dyson戴森吹風機支架 家用理發店金屬底座 igo 玩轉3C旗艦館momo,2646,momo摩天商城
dyson戴森吹風機收納盒子風筒整理包電吹風配件支架旅行收納盒便攜保護套皮質女簡約家用 免運,1777,momo摩天商城
Dyson 戴森吹風機收納包HD01收納袋收納盒電吹風機支架旅行便攜套 小桃美衣,944,momo摩天商城
立式陳列收納架子 適用Dyson戴森吹風機支架 家用理發店金屬底座     igo 小桃美衣,2148,momo摩天商城
Dyson 戴森吹風機收納包HD01收納袋收納盒電吹風機支架旅行便攜套潮男时尚,944,momo摩天商城
Dyson  吹風機支架磁性吸力免打孔可釘可黏沙龍家用專業陳列架    igo,1417,momo摩天商城
【深藍色禮盒限定版，12/31前回函送戴森2千券】dyson 戴森 ( HD01/P ) Supersonic 吹風機-桃紅款 原廠公司貨,14600,momo摩天商城
dyson 戴森 ( Display Stand ) Supersonic 吹風機專用底座 -原廠公司貨,3000,momo摩天商城
【12/31前回函再送戴森2千券】dyson 戴森 (HD01/W) Supersonic 吹風機-銀白款 原廠公司貨,14600,momo摩天商城
【12/31前回函再送戴森2千券】dyson 戴森 ( HD01/PU ) Supersonic 吹風機-奢華紫 //絕版色// 原廠公司貨,14600,momo摩天商城
DYSON Dyson Supersonic HD01 吹風機桃紅色(附粉色精裝收納盒),14600,watsons屈臣氏
Dyson Supersonic™吹風機黑紫色禮盒,16200,Dyson
Dyson Supersonic™吹風機黑紫色禮盒,16200,Dyson
Dyson Supersonic™吹風機深藍色禮盒,14600,Dyson
免打孔掛牆陳列收納架適用Dyson戴森吹風機支架牆壁掛架免釘架子ATF 享購,1335,Yahoo超級商城
